{
  "sc_scaling": {
    "scaling_data": {
      "B2_claude-haiku-4-5-20251001": {
        "task": "B2",
        "model": "claude-haiku-4-5-20251001",
        "n_instances": 60,
        "available_ns": [
          1,
          3,
          5,
          9
        ],
        "curve": {
          "1": {
            "accuracy": 0.9833333333333333,
            "ci_low": 0.9370833333333334,
            "ci_high": 1.0
          },
          "3": {
            "accuracy": 0.9833333333333333,
            "ci_low": 0.9333333333333333,
            "ci_high": 1.0
          },
          "5": {
            "accuracy": 0.9666666666666667,
            "ci_low": 0.9370833333333334,
            "ci_high": 1.0
          },
          "9": {
            "accuracy": 0.9666666666666667,
            "ci_low": 0.9166666666666666,
            "ci_high": 1.0
          }
        },
        "theory": {
          "1": 0.9833333333333333,
          "3": 0.9989353142936358,
          "5": 0.9997402152848085,
          "9": 0.9999391802375509
        },
        "rho_known": 0.22,
        "p1": 0.9833333333333333,
        "r_squared": -7.799629714664933
      },
      "B4_claude-haiku-4-5-20251001": {
        "task": "B4",
        "model": "claude-haiku-4-5-20251001",
        "n_instances": 80,
        "available_ns": [
          1,
          3,
          5,
          9
        ],
        "curve": {
          "1": {
            "accuracy": 0.925,
            "ci_low": 0.8653125,
            "ci_high": 0.975
          },
          "3": {
            "accuracy": 0.9375,
            "ci_low": 0.8903125,
            "ci_high": 0.9846875
          },
          "5": {
            "accuracy": 0.9375,
            "ci_low": 0.8903125,
            "ci_high": 0.975
          },
          "9": {
            "accuracy": 0.95,
            "ci_low": 0.9125,
            "ci_high": 0.9971875
          }
        },
        "theory": {
          "1": 0.925,
          "3": 0.9811354034374483,
          "5": 0.99055303032218,
          "9": 0.9953318577970021
        },
        "rho_known": 0.22,
        "p1": 0.925,
        "r_squared": -20.675679330696628
      },
      "B7_claude-haiku-4-5-20251001": {
        "task": "B7",
        "model": "claude-haiku-4-5-20251001",
        "n_instances": 80,
        "available_ns": [
          1,
          3,
          5,
          9
        ],
        "curve": {
          "1": {
            "accuracy": 0.7,
            "ci_low": 0.6125,
            "ci_high": 0.775
          },
          "3": {
            "accuracy": 0.7,
            "ci_low": 0.6,
            "ci_high": 0.8
          },
          "5": {
            "accuracy": 0.7,
            "ci_low": 0.6112500000000001,
            "ci_high": 0.8096875
          },
          "9": {
            "accuracy": 0.7,
            "ci_low": 0.6,
            "ci_high": 0.7971875
          }
        },
        "theory": {
          "1": 0.7,
          "3": 0.8046232811743396,
          "5": 0.8538344467841099,
          "9": 0.9020227759830273
        },
        "rho_known": 0.06,
        "p1": 0.7,
        "r_squared": 0.0
      },
      "B9_claude-haiku-4-5-20251001": {
        "task": "B9",
        "model": "claude-haiku-4-5-20251001",
        "n_instances": 60,
        "available_ns": [
          1,
          3,
          5,
          9
        ],
        "curve": {
          "1": {
            "accuracy": 0.9666666666666667,
            "ci_low": 0.9166666666666666,
            "ci_high": 1.0
          },
          "3": {
            "accuracy": 0.9833333333333333,
            "ci_low": 0.95,
            "ci_high": 1.0
          },
          "5": {
            "accuracy": 1.0,
            "ci_low": 1.0,
            "ci_high": 1.0
          },
          "9": {
            "accuracy": 1.0,
            "ci_low": 1.0,
            "ci_high": 1.0
          }
        },
        "theory": {
          "1": 0.9666666666666667,
          "3": 0.9985350686481911,
          "5": 0.999855291037481,
          "9": 0.9999947088653548
        },
        "rho_known": 0.07,
        "p1": 0.9666666666666667,
        "r_squared": 0.6974511232921592
      }
    },
    "sc_p2": {},
    "sc_p3": {},
    "sc_p4": {
      "B2_claude-haiku-4-5-20251001": {
        "r_squared": -7.799629714664933,
        "above_threshold": false
      },
      "B4_claude-haiku-4-5-20251001": {
        "r_squared": -20.675679330696628,
        "above_threshold": false
      },
      "B7_claude-haiku-4-5-20251001": {
        "r_squared": 0.0,
        "above_threshold": false
      },
      "B9_claude-haiku-4-5-20251001": {
        "r_squared": 0.6974511232921592,
        "above_threshold": false
      }
    }
  },
  "error_correlation": {
    "rho_data": {
      "B2_claude-haiku-4-5-20251001": {
        "task": "B2",
        "model": "claude-haiku-4-5-20251001",
        "rho_within": 0.426470588235294,
        "ci_low": 0.0,
        "ci_high": 0.42647058823529405,
        "n_instances": 60,
        "known_rho_between": 0.22
      },
      "B4_claude-haiku-4-5-20251001": {
        "task": "B4",
        "model": "claude-haiku-4-5-20251001",
        "rho_within": 0.2049542682926829,
        "ci_low": 0.030083498040338705,
        "ci_high": 0.3074548596348151,
        "n_instances": 80,
        "known_rho_between": 0.22
      },
      "B7_claude-haiku-4-5-20251001": {
        "task": "B7",
        "model": "claude-haiku-4-5-20251001",
        "rho_within": 0.6301369863013698,
        "ci_low": 0.0,
        "ci_high": 0.7230769230769231,
        "n_instances": 80,
        "known_rho_between": 0.06
      },
      "B9_claude-haiku-4-5-20251001": {
        "task": "B9",
        "model": "claude-haiku-4-5-20251001",
        "rho_within": 0.0,
        "ci_low": 0.0,
        "ci_high": 0.0,
        "n_instances": 60,
        "known_rho_between": 0.07
      }
    },
    "corr_p1": {
      "per_task_model": {
        "B2_claude-haiku-4-5-20251001": {
          "rho_within": 0.426470588235294,
          "above_threshold": false
        },
        "B4_claude-haiku-4-5-20251001": {
          "rho_within": 0.2049542682926829,
          "above_threshold": false
        },
        "B7_claude-haiku-4-5-20251001": {
          "rho_within": 0.6301369863013698,
          "above_threshold": true
        },
        "B9_claude-haiku-4-5-20251001": {
          "rho_within": 0.0,
          "above_threshold": false
        }
      },
      "all_above_0_5": false
    },
    "corr_p3": {}
  },
  "plateau_detection": {
    "plateau_data": {
      "B2_claude-haiku-4-5-20251001": {
        "task": "B2",
        "model": "claude-haiku-4-5-20251001",
        "plateau_n": 1,
        "predicted_neff_limit": 4.545454545454546,
        "rho_known": 0.22
      },
      "B4_claude-haiku-4-5-20251001": {
        "task": "B4",
        "model": "claude-haiku-4-5-20251001",
        "plateau_n": 1,
        "predicted_neff_limit": 4.545454545454546,
        "rho_known": 0.22
      },
      "B7_claude-haiku-4-5-20251001": {
        "task": "B7",
        "model": "claude-haiku-4-5-20251001",
        "plateau_n": 1,
        "predicted_neff_limit": 16.666666666666668,
        "rho_known": 0.06
      },
      "B9_claude-haiku-4-5-20251001": {
        "task": "B9",
        "model": "claude-haiku-4-5-20251001",
        "plateau_n": 1,
        "predicted_neff_limit": 14.285714285714285,
        "rho_known": 0.07
      }
    },
    "spearman_correlation": {
      "r_s": NaN,
      "p_value": NaN,
      "n_tasks": 4,
      "tasks": [
        "B2",
        "B4",
        "B7",
        "B9"
      ]
    }
  },
  "ensemble_comparison": {
    "comparison": {
      "B2": {
        "within_acc": 0.9666666666666667,
        "within_model": "claude-haiku-4-5-20251001",
        "between_acc": 0.9382799999999999,
        "between_std": 0.012023377229381068,
        "delta": -0.028386666666666782,
        "n_subsets": 100,
        "n_models_available": 12,
        "n_instances_compared": 500
      },