{
  "sc_scaling": {
    "scaling_data": {
      "B4_claude-haiku-4-5-20251001": {
        "task": "B4",
        "model": "claude-haiku-4-5-20251001",
        "n_instances": 200,
        "available_ns": [
          1,
          3,
          5,
          9,
          17,
          33
        ],
        "curve": {
          "1": {
            "accuracy": 0.9,
            "ci_low": 0.8598750000000001,
            "ci_high": 0.94
          },
          "3": {
            "accuracy": 0.915,
            "ci_low": 0.875,
            "ci_high": 0.95
          },
          "5": {
            "accuracy": 0.92,
            "ci_low": 0.88,
            "ci_high": 0.955
          },
          "9": {
            "accuracy": 0.915,
            "ci_low": 0.875,
            "ci_high": 0.95
          },
          "17": {
            "accuracy": 0.93,
            "ci_low": 0.895,
            "ci_high": 0.965
          },
          "33": {
            "accuracy": 0.93,
            "ci_low": 0.8948750000000001,
            "ci_high": 0.96
          }
        },
        "theory": {
          "1": 0.8999999999999999,
          "3": 0.9678259512713127,
          "5": 0.981690208938847,
          "9": 0.9896719020102647,
          "17": 0.9935291865240058,
          "33": 0.9952891453281938
        },
        "rho_known": 0.22,
        "p1": 0.9,
        "r_squared": -31.32229367561493
      },
      "B6_claude-haiku-4-5-20251001": {
        "task": "B6",
        "model": "claude-haiku-4-5-20251001",
        "n_instances": 200,
        "available_ns": [
          1,
          3,
          5,
          9,
          17,
          33
        ],
        "curve": {
          "1": {
            "accuracy": 0.505,
            "ci_low": 0.435,
            "ci_high": 0.5701249999999999
          },
          "3": {
            "accuracy": 0.49,
            "ci_low": 0.425,
            "ci_high": 0.555
          },
          "5": {
            "accuracy": 0.5,
            "ci_low": 0.43,
            "ci_high": 0.565
          },
          "9": {
            "accuracy": 0.51,
            "ci_low": 0.44,
            "ci_high": 0.58
          },
          "17": {
            "accuracy": 0.52,
            "ci_low": 0.45,
            "ci_high": 0.5851249999999999
          },
          "33": {
            "accuracy": 0.52,
            "ci_low": 0.45,
            "ci_high": 0.585
          }
        },
        "theory": {
          "1": 0.505,
          "3": 0.5063843186056619,
          "5": 0.5068293247790764,
          "9": 0.5071834969913285,
          "17": 0.5074194574285285,
          "33": 0.5075583807161934
        },
        "rho_known": 0.42,
        "p1": 0.505,
        "r_squared": 0.07478952130385852
      },
      "B7_claude-haiku-4-5-20251001": {
        "task": "B7",
        "model": "claude-haiku-4-5-20251001",
        "n_instances": 200,
        "available_ns": [
          1,
          3,
          5,
          9,
          17,
          33
        ],
        "curve": {
          "1": {
            "accuracy": 0.67,
            "ci_low": 0.61,
            "ci_high": 0.735
          },
          "3": {
            "accuracy": 0.675,
            "ci_low": 0.605,
            "ci_high": 0.74
          },
          "5": {
            "accuracy": 0.675,
            "ci_low": 0.61,
            "ci_high": 0.74
          },
          "9": {
            "accuracy": 0.68,
            "ci_low": 0.61,
            "ci_high": 0.745
          },
          "17": {
            "accuracy": 0.68,
            "ci_low": 0.61,
            "ci_high": 0.745
          },
          "33": {
            "accuracy": 0.68,
            "ci_low": 0.615,
            "ci_high": 0.745
          }
        },
        "theory": {
          "1": 0.67,
          "3": 0.7642303974939468,
          "5": 0.8114809641682122,
          "9": 0.8609991264568357,
          "17": 0.9024394511214335,
          "33": 0.9304136087053035
        },
        "rho_known": 0.06,
        "p1": 0.67,
        "r_squared": -2057.4330324244083
      }
    },
    "sc_p2": {
      "B6_claude-haiku-4-5-20251001": {
        "acc_17": 0.52,
        "acc_33": 0.52,
        "delta": 0.0,
        "plateau_confirmed": true
      }
    },
    "sc_p3": {
      "B7_claude-haiku-4-5-20251001": {
        "acc_9": 0.68,
        "acc_33": 0.68,
        "delta": 0.0,
        "improvement_confirmed": false
      }
    },
    "sc_p4": {
      "B4_claude-haiku-4-5-20251001": {
        "r_squared": -31.32229367561493,
        "above_threshold": false
      },
      "B6_claude-haiku-4-5-20251001": {
        "r_squared": 0.07478952130385852,
        "above_threshold": false
      },
      "B7_claude-haiku-4-5-20251001": {
        "r_squared": -2057.4330324244083,
        "above_threshold": false
      }
    }
  },
  "error_correlation": {
    "rho_data": {
      "B4_claude-haiku-4-5-20251001": {
        "task": "B4",
        "model": "claude-haiku-4-5-20251001",
        "rho_within": 0.2821219957179983,
        "ci_low": 0.2018588851050854,
        "ci_high": 0.3481942090982214,
        "n_instances": 200,
        "known_rho_between": 0.22
      },
      "B6_claude-haiku-4-5-20251001": {
        "task": "B6",
        "model": "claude-haiku-4-5-20251001",
        "rho_within": 0.541391400876622,
        "ci_low": 0.49114865653307593,
        "ci_high": 0.58788190891435,
        "n_instances": 200,
        "known_rho_between": 0.42
      },
      "B7_claude-haiku-4-5-20251001": {
        "task": "B7",
        "model": "claude-haiku-4-5-20251001",
        "rho_within": 0.5280074714573539,
        "ci_low": 0.3612289404435788,
        "ci_high": 0.641020281787156,
        "n_instances": 200,
        "known_rho_between": 0.06
      }
    },
    "corr_p1": {
      "per_task_model": {
        "B4_claude-haiku-4-5-20251001": {
          "rho_within": 0.2821219957179983,
          "above_threshold": false
        },
        "B6_claude-haiku-4-5-20251001": {
          "rho_within": 0.541391400876622,
          "above_threshold": true
        },
        "B7_claude-haiku-4-5-20251001": {
          "rho_within": 0.5280074714573539,
          "above_threshold": true
        }
      },
      "all_above_0_5": false
    },
    "corr_p3": {
      "Haiku": {
        "rho_b6": 0.541391400876622,
        "rho_b7": 0.5280074714573539,
        "difference": 0.013383929419268026,
        "p_value": 0.38836116388361164,
        "confirmed": false
      }
    }
  },
  "plateau_detection": {
    "plateau_data": {
      "B4_claude-haiku-4-5-20251001": {
        "task": "B4",
        "model": "claude-haiku-4-5-20251001",
        "plateau_n": 1,
        "predicted_neff_limit": 4.545454545454546,
        "rho_known": 0.22
      },
      "B6_claude-haiku-4-5-20251001": {
        "task": "B6",
        "model": "claude-haiku-4-5-20251001",
        "plateau_n": 1,
        "predicted_neff_limit": 2.380952380952381,
        "rho_known": 0.42
      },
      "B7_claude-haiku-4-5-20251001": {
        "task": "B7",
        "model": "claude-haiku-4-5-20251001",
        "plateau_n": 1,
        "predicted_neff_limit": 16.666666666666668,
        "rho_known": 0.06
      }
    },
    "spearman_correlation": {
      "r_s": NaN,
      "p_value": NaN,
      "n_tasks": 3,
      "tasks": [
        "B4",
        "B6",
        "B7"
      ]
    }
  },
  "ensemble_comparison": {
    "comparison": {
      "B4": {
        "within_acc": 0.915,
        "within_model": "claude-haiku-4-5-20251001",
        "between_acc": 0.8715291750503017,
        "between_std": 0.01948154781732997,
        "delta": -0.04347082494969834,
        "n_subsets": 100,
        "n_models_available": 12,
        "n_instances_compared": 497
      },
      "B6": {
        "within_acc": 0.51,
        "within_model": "claude-haiku-4-5-20251001",
        "between_acc": 0.40563636363636363,
        "between_std": 0.02875119832213394,
        "delta": -0.10436363636363638,
        "n_subsets": 55,
        "n_models_available": 11,