,direct,short_cot,budget_cot
B1: Majority,0.601640656262505,0.7153430686137228,0.612056879631484
B2: Bool Eval,0.6464464464464464,0.843,0.8690690690690691
B3: Perm Comp,0.181927469445001,0.7527527527527528,0.5921921921921922
B4: State Track,0.3492,0.746749349869974,0.698438125750901
B5: Graph Reach,0.6883299798792757,0.784680337756333,0.5925701594992934
B6: LIS,0.2274729675610733,0.3642,0.24469787915166066
B7: 3-SAT,0.4774298495323302,0.47392886014551333,0.4071298359327527
B8: Reversal,0.9157810306797673,0.9864,0.9629481273783297
B9: Negation,0.5060581583198708,0.6945389077815564,0.5535964736525746
