,direct,short_cot,budget_cot
B1: Majority,0.6034921789741724,0.7263138752500454,0.6034953577280174
B2: Bool Eval,0.6180163785259327,0.8487272727272728,0.8746132848043676
B3: Perm Comp,0.1735567291932253,0.7688808007279345,0.5721565059144677
B4: State Track,0.3572727272727273,0.7579559919985452,0.7187841281397889
B5: Graph Reach,0.670018281535649,0.8036170990135184,0.5905006418485238
B6: LIS,0.2182380779031671,0.37927272727272726,0.2544561658785013
B7: 3-SAT,0.45182724252491696,0.4897209985315712,0.40132425970204155
B8: Reversal,0.9234554401312193,0.9876363636363636,0.9663207718914982
B9: Negation,0.5150403521643434,0.7204946353882524,0.5738481150974322
