gap_type,short_cot,budget_cot
Type 1: Sensitivity,0.11370241235121781,0.010416223368979072
Type 2: Depth,0.14658050721137372,0.11008519109528736
Type 3: Serial,0.4841107747422951,0.3796707656572565
Type 4: Algorithmic,0.13672703243892673,0.017224911590587366
Type 5: Intractability,-0.0035009893868168662,-0.0703000135995775
Type 6: Architectural,0.12884303824285237,0.046672291120063214
