gap_type,short_cot,budget_cot
Type 1: Sensitivity,0.12282169627587303,3.178753845034521e-06
Type 2: Depth,0.18226757586704756,0.08914388809113127
Type 3: Serial,0.49792646263062046,0.3799736991439293
Type 4: Algorithmic,0.16103464936956016,0.036218087975334184
Type 5: Intractability,0.03789375600665423,-0.05050298282287541
Type 6: Architectural,0.13417637273925154,0.05021890411683083
