gap_type,Short CoT,Budget CoT,Tool Use
Type 1: Sensitivity,0.1323309149892289,0.0006251019330163476,
Type 2: Depth,0.199238906091467,0.10879042864554189,0.1435719564922151
Type 3: Serial,0.5020416187180996,0.39009377183469796,
Type 4: Algorithmic,0.14795235337910495,0.043225080651832226,0.6261481810020683
Type 5: Intractability,0.0031312978496491617,-0.12016971518123681,
Type 6: Architectural,0.14407220973381285,0.06788766130208124,
