,Haiku 4.5,Sonnet 4.6,Opus 4.6,GPT-4o-m,GPT-4o,o3,Llama 8B,Llama 70B,Ministral 8B,Mistral 24B,Qwen 7B,Qwen 72B
B1: Majority,0.6321762349799733,0.6826666666666666,0.698,0.718,0.7793333333333333,0.12941961307538358,0.5500532481363152,0.6836461126005362,0.7233333333333334,0.724,0.6733333333333333,0.8126666666666666
B2: Bool Eval,0.7955,0.7185,0.826,0.8266666666666667,0.823,0.4952445652173913,0.674,0.844,0.8146666666666667,0.7981283422459893,0.7406666666666667,0.842
B3: Perm Comp,0.4135,0.29525,0.8113333333333334,0.5826666666666667,0.5257445734477536,0.25486250838363517,0.2679245283018868,0.5979933110367893,0.6246666666666667,0.57,0.30533333333333335,0.6166666666666667
B4: State Track,0.714,0.7413333333333333,0.792,0.6233333333333333,0.5506666666666666,0.34709066305818675,0.4786666666666667,0.6885465505693235,0.662,0.6786666666666666,0.5233333333333333,0.7153333333333334
B5: Graph Reach,0.791,0.7168674698795181,0.786,0.788,0.82855321861058,0.46282722513089003,0.51,0.6977837474815313,0.7753333333333333,0.6486666666666666,0.656,0.8346666666666667
B6: LIS,0.4805,0.4955,0.6153333333333333,0.29933333333333334,0.371900826446281,,0.21333333333333335,0.24013377926421406,0.23666666666666666,0.21933333333333332,0.2813333333333333,0.35
B7: 3-SAT,0.368,0.408,0.5626666666666666,0.6306666666666667,0.6661786237188873,0.11614401858304298,0.32266666666666666,0.340080971659919,0.42333333333333334,0.5113333333333333,0.5566666666666666,0.606
B8: Reversal,0.9973333333333333,1.0,1.0,0.9444072337575352,0.9926322839919625,0.7413793103448276,0.9693333333333334,0.9966644429619747,0.9886666666666667,0.9793333333333333,0.9533333333333334,0.994
B9: Negation,0.7326666666666667,0.78,0.7867158671586716,0.5419265419265419,0.572,0.30507343124165553,0.49933333333333335,0.7364909939959974,0.5586666666666666,0.5673333333333334,0.5853333333333334,0.7493333333333333
