,claude-haiku-4-5-20251001,claude-opus-4-6,claude-sonnet-4-20250514,gpt-4o,gpt-4o-mini,meta-llama/llama-3.1-70b-instruct,meta-llama/llama-3.1-8b-instruct,mistralai/ministral-8b-2512,mistralai/mistral-small-24b-instruct-2501,o3,qwen/qwen-2.5-72b-instruct,qwen/qwen-2.5-7b-instruct
B1: Majority,0.6321762349799733,0.698,0.6826666666666666,0.7793333333333333,0.718,0.6836461126005362,0.5500532481363152,0.7233333333333334,0.724,0.12941961307538358,0.8126666666666666,0.6733333333333333
B2: Bool Eval,0.796,0.826,0.718,0.8826666666666667,0.8266666666666667,0.844,0.674,0.8146666666666667,0.7981283422459893,0.4952445652173913,0.842,0.7406666666666667
B3: Perm Comp,0.5793333333333334,0.8113333333333334,0.468,0.6870794078061911,0.5826666666666667,0.5979933110367893,0.2679245283018868,0.6246666666666667,0.57,0.25486250838363517,0.6166666666666667,0.30533333333333335
B4: State Track,0.714,0.792,0.7413333333333333,0.5506666666666666,0.6233333333333333,0.6885465505693235,0.4786666666666667,0.662,0.6786666666666666,0.34709066305818675,0.7153333333333334,0.5233333333333333
B5: Graph Reach,0.7893333333333333,0.786,0.6903485254691689,0.8412921348314607,0.788,0.6977837474815313,0.51,0.7753333333333333,0.6486666666666666,0.46282722513089003,0.8346666666666667,0.656
B6: LIS,0.31066666666666665,0.6153333333333333,0.32866666666666666,0.38266666666666665,0.29933333333333334,0.24013377926421406,0.21333333333333335,0.23666666666666666,0.21933333333333332,,0.35,0.2813333333333333
B7: 3-SAT,0.368,0.5626666666666666,0.408,0.6661786237188873,0.6306666666666667,0.340080971659919,0.32266666666666666,0.42333333333333334,0.5113333333333333,0.11614401858304298,0.606,0.5566666666666666
B8: Reversal,0.9973333333333333,1.0,1.0,0.9926322839919625,0.9444072337575352,0.9966644429619747,0.9693333333333334,0.9886666666666667,0.9793333333333333,0.7413793103448276,0.994,0.9533333333333334
B9: Negation,0.7326666666666667,0.7867158671586716,0.78,0.572,0.5419265419265419,0.7364909939959974,0.49933333333333335,0.5586666666666666,0.5673333333333334,0.30507343124165553,0.7493333333333333,0.5853333333333334
