gap_type,Small (<=10B),Medium (10-80B)
Type 1: Sensitivity,0.6504444444444445,0.7402048085485308
Type 2: Depth,0.6992222222222222,0.7834019356991879
Type 3: Serial,0.4781111111111111,0.6445260347129506
Type 4: Algorithmic,0.2437777777777778,0.26985539488320354
Type 5: Intractability,0.43422222222222223,0.48639000446229363
Type 6: Architectural,0.7591111111111111,0.8371860413425206
