,Direct,Short CoT,Budget CoT,Tool Use
B5: Graph Reach,0.675289312457454,0.967479674796748,0.6743711760707002,0.7842794759825328
B6: LIS,0.26266666666666666,0.47533333333333333,0.284,0.8785594639865997
